{"cameraMode":{"drawMode":0,"name":"Shaded","section":"Shading Mode"},"sceneLighting":true,"audioPlay":false,"sceneViewState":{"showFog":true,"showMaterialUpdate":false,"showSkybox":true,"showFlares":true,"showImageEffects":true,"showParticleSystems":true},"in2DMode":false,"pivot":{"x":0.3884009122848511,"y":-5.68216609954834,"z":0.09179886430501938},"rotation":{"x":-0.00004891922799288295,"y":0.999936580657959,"z":0.010189777240157128,"w":0.004800228867679834},"size":9.335086822509766,"orthographic":false}